dataset	method	seed	rmse_final	score_final	log_file
FD001	A	2	15.2895393372	517.9869384766	/CMAPSS-release/logs/FD001_FD001_A/seed2/FD001_A_学习率+0.002_嵌入模型维度embed+8_topk+7_0420_001854_seed2.log
FD001	A	17	14.4851646423	313.5351257324	/CMAPSS-release/logs/FD001_FD001_A/seed17/FD001_A_学习率+0.002_嵌入模型维度embed+8_topk+7_0420_002108_seed17.log
FD001	A	27	14.0609388351	307.1683044434	/CMAPSS-release/logs/FD001_FD001_A/seed27/FD001_A_学习率+0.002_嵌入模型维度embed+8_topk+7_0420_002313_seed27.log
FD001	A	30	14.7295627594	369.5175476074	/CMAPSS-release/logs/FD001_FD001_A/seed30/FD001_A_学习率+0.002_嵌入模型维度embed+8_topk+7_0420_002522_seed30.log
FD001	A	33	14.9036903381	397.1337280273	/CMAPSS-release/logs/FD001_FD001_A/seed33/FD001_A_学习率+0.002_嵌入模型维度embed+8_topk+7_0420_002730_seed33.log
FD001	A	51	14.7006807327	359.2142944336	/CMAPSS-release/logs/FD001_FD001_A/seed51/FD001_A_学习率+0.002_嵌入模型维度embed+8_topk+7_0420_002942_seed51.log
FD001	A	62	14.2355184555	349.4866638184	/CMAPSS-release/logs/FD001_FD001_A/seed62/FD001_A_学习率+0.002_嵌入模型维度embed+8_topk+7_0420_003151_seed62.log
FD001	A	80	13.1480035782	281.0731201172	/CMAPSS-release/logs/FD001_FD001_A/seed80/FD001_A_学习率+0.002_嵌入模型维度embed+8_topk+7_0420_003412_seed80.log
FD001	A	88	14.7678699493	372.2259216309	/CMAPSS-release/logs/FD001_FD001_A/seed88/FD001_A_学习率+0.002_嵌入模型维度embed+8_topk+7_0420_003633_seed88.log
FD001	A	97	15.2023029327	407.6669921875	/CMAPSS-release/logs/FD001_FD001_A/seed97/FD001_A_学习率+0.002_嵌入模型维度embed+8_topk+7_0420_003856_seed97.log
FD001	B	2	14.1668624878	329.3725280762	/CMAPSS-release/logs/FD001_FD001_B/seed2/FD001_B_学习率+0.002_嵌入模型维度embed+8_topk+7_0420_004115_seed2.log
FD001	B	17	14.3857564926	318.6533813477	/CMAPSS-release/logs/FD001_FD001_B/seed17/FD001_B_学习率+0.002_嵌入模型维度embed+8_topk+7_0420_004357_seed17.log
FD001	B	27	15.2892112732	423.6536865234	/CMAPSS-release/logs/FD001_FD001_B/seed27/FD001_B_学习率+0.002_嵌入模型维度embed+8_topk+7_0420_004631_seed27.log
FD001	B	30	14.9846582413	368.8104248047	/CMAPSS-release/logs/FD001_FD001_B/seed30/FD001_B_学习率+0.002_嵌入模型维度embed+8_topk+7_0420_004905_seed30.log
FD001	B	33	13.3921623230	313.7502746582	/CMAPSS-release/logs/FD001_FD001_B/seed33/FD001_B_学习率+0.002_嵌入模型维度embed+8_topk+7_0420_005137_seed33.log
FD001	B	51	13.6601610184	304.4079589844	/CMAPSS-release/logs/FD001_FD001_B/seed51/FD001_B_学习率+0.002_嵌入模型维度embed+8_topk+7_0420_005409_seed51.log
FD001	B	62	13.6645526886	330.2045593262	/CMAPSS-release/logs/FD001_FD001_B/seed62/FD001_B_学习率+0.002_嵌入模型维度embed+8_topk+7_0420_005652_seed62.log
FD001	B	80	15.0216512680	351.6766357422	/CMAPSS-release/logs/FD001_FD001_B/seed80/FD001_B_学习率+0.002_嵌入模型维度embed+8_topk+7_0420_005949_seed80.log
FD001	B	88	13.5436325073	381.1639099121	/CMAPSS-release/logs/FD001_FD001_B/seed88/FD001_B_学习率+0.002_嵌入模型维度embed+8_topk+7_0420_010230_seed88.log
FD001	B	97	14.3185195923	327.3755493164	/CMAPSS-release/logs/FD001_FD001_B/seed97/FD001_B_学习率+0.002_嵌入模型维度embed+8_topk+7_0420_010522_seed97.log
FD001	C	2	14.6529865265	407.6538085938	/CMAPSS-release/logs/FD001_FD001_C/seed2/FD001_C_学习率+0.002_嵌入模型维度embed+8_topk+7_0420_010755_seed2.log
FD001	C	17	16.4484043121	542.8406372070	/CMAPSS-release/logs/FD001_FD001_C/seed17/FD001_C_学习率+0.002_嵌入模型维度embed+8_topk+7_0420_011014_seed17.log
FD001	C	27	15.1370410919	437.5170898438	/CMAPSS-release/logs/FD001_FD001_C/seed27/FD001_C_学习率+0.002_嵌入模型维度embed+8_topk+7_0420_011220_seed27.log
FD001	C	30	17.5544872284	674.4418334961	/CMAPSS-release/logs/FD001_FD001_C/seed30/FD001_C_学习率+0.002_嵌入模型维度embed+8_topk+7_0420_011435_seed30.log
FD001	C	33	13.9000005722	297.0312500000	/CMAPSS-release/logs/FD001_FD001_C/seed33/FD001_C_学习率+0.002_嵌入模型维度embed+8_topk+7_0420_011642_seed33.log
FD001	C	51	14.5316896439	367.1638183594	/CMAPSS-release/logs/FD001_FD001_C/seed51/FD001_C_学习率+0.002_嵌入模型维度embed+8_topk+7_0420_011853_seed51.log
FD001	C	62	13.8791208267	319.0808715820	/CMAPSS-release/logs/FD001_FD001_C/seed62/FD001_C_学习率+0.002_嵌入模型维度embed+8_topk+7_0420_012053_seed62.log
FD001	C	80	14.3940963745	364.9723815918	/CMAPSS-release/logs/FD001_FD001_C/seed80/FD001_C_学习率+0.002_嵌入模型维度embed+8_topk+7_0420_012259_seed80.log
FD001	C	88	13.8928041458	326.3959960938	/CMAPSS-release/logs/FD001_FD001_C/seed88/FD001_C_学习率+0.002_嵌入模型维度embed+8_topk+7_0420_012523_seed88.log
FD001	C	97	15.6936292648	446.6935119629	/CMAPSS-release/logs/FD001_FD001_C/seed97/FD001_C_学习率+0.002_嵌入模型维度embed+8_topk+7_0420_012750_seed97.log
FD001	D	2	13.7767925262	321.4006042480	/CMAPSS-release/logs/FD001_FD001_D/seed2/FD001_D_学习率+0.002_嵌入模型维度embed+8_topk+7_0420_012958_seed2.log
FD001	D	17	13.3794612885	276.7499694824	/CMAPSS-release/logs/FD001_FD001_D/seed17/FD001_D_学习率+0.002_嵌入模型维度embed+8_topk+7_0420_013249_seed17.log
FD001	D	27	14.1957740784	403.3905029297	/CMAPSS-release/logs/FD001_FD001_D/seed27/FD001_D_学习率+0.002_嵌入模型维度embed+8_topk+7_0420_013535_seed27.log
FD001	D	30	14.1467313766	348.3804016113	/CMAPSS-release/logs/FD001_FD001_D/seed30/FD001_D_学习率+0.002_嵌入模型维度embed+8_topk+7_0420_013827_seed30.log
FD001	D	33	14.9338541031	357.3569946289	/CMAPSS-release/logs/FD001_FD001_D/seed33/FD001_D_学习率+0.002_嵌入模型维度embed+8_topk+7_0420_014113_seed33.log
FD001	D	51	13.3603887558	268.6666564941	/CMAPSS-release/logs/FD001_FD001_D/seed51/FD001_D_学习率+0.002_嵌入模型维度embed+8_topk+7_0420_014409_seed51.log
FD001	D	62	14.9167690277	402.6389465332	/CMAPSS-release/logs/FD001_FD001_D/seed62/FD001_D_学习率+0.002_嵌入模型维度embed+8_topk+7_0420_014707_seed62.log
FD001	D	80	13.5403099060	281.3037719727	/CMAPSS-release/logs/FD001_FD001_D/seed80/FD001_D_学习率+0.002_嵌入模型维度embed+8_topk+7_0420_014951_seed80.log
FD001	D	88	15.0093307495	378.4302978516	/CMAPSS-release/logs/FD001_FD001_D/seed88/FD001_D_学习率+0.002_嵌入模型维度embed+8_topk+7_0420_015255_seed88.log
FD001	D	97	14.4149227142	421.1058654785	/CMAPSS-release/logs/FD001_FD001_D/seed97/FD001_D_学习率+0.002_嵌入模型维度embed+8_topk+7_0420_015550_seed97.log
FD001	E	2	15.6952219009	653.6953125000	/CMAPSS-release/logs/FD001_FD001_E/seed2/FD001_E_学习率+0.002_嵌入模型维度embed+8_topk+7_0420_015848_seed2.log
FD001	E	17	17.3628921509	986.4439697266	/CMAPSS-release/logs/FD001_FD001_E/seed17/FD001_E_学习率+0.002_嵌入模型维度embed+8_topk+7_0420_020035_seed17.log
FD001	E	27	17.2507972717	786.7201538086	/CMAPSS-release/logs/FD001_FD001_E/seed27/FD001_E_学习率+0.002_嵌入模型维度embed+8_topk+7_0420_020213_seed27.log
FD001	E	30	16.8798694611	613.7205200195	/CMAPSS-release/logs/FD001_FD001_E/seed30/FD001_E_学习率+0.002_嵌入模型维度embed+8_topk+7_0420_020354_seed30.log
FD001	E	33	15.7657852173	630.6116943359	/CMAPSS-release/logs/FD001_FD001_E/seed33/FD001_E_学习率+0.002_嵌入模型维度embed+8_topk+7_0420_020536_seed33.log
FD001	E	51	17.6241302490	664.5789794922	/CMAPSS-release/logs/FD001_FD001_E/seed51/FD001_E_学习率+0.002_嵌入模型维度embed+8_topk+7_0420_020717_seed51.log
FD001	E	62	15.9110021591	619.4611206055	/CMAPSS-release/logs/FD001_FD001_E/seed62/FD001_E_学习率+0.002_嵌入模型维度embed+8_topk+7_0420_020850_seed62.log
FD001	E	80	16.0934772491	701.7457885742	/CMAPSS-release/logs/FD001_FD001_E/seed80/FD001_E_学习率+0.002_嵌入模型维度embed+8_topk+7_0420_021026_seed80.log
FD001	E	88	16.3655128479	696.8476562500	/CMAPSS-release/logs/FD001_FD001_E/seed88/FD001_E_学习率+0.002_嵌入模型维度embed+8_topk+7_0420_021155_seed88.log
FD001	E	97	17.6439800262	953.4030151367	/CMAPSS-release/logs/FD001_FD001_E/seed97/FD001_E_学习率+0.002_嵌入模型维度embed+8_topk+7_0420_021346_seed97.log
FD001	F	2	14.6280546188	393.5076904297	/CMAPSS-release/logs/FD001_FD001_F/seed2/FD001_F_学习率+0.002_嵌入模型维度embed+8_topk+7_0420_233704_seed2.log
FD001	F	17	14.9415531158	437.4868774414	/CMAPSS-release/logs/FD001_FD001_F/seed17/FD001_F_学习率+0.002_嵌入模型维度embed+8_topk+7_0420_233952_seed17.log
FD001	F	27	13.8924436569	337.0988769531	/CMAPSS-release/logs/FD001_FD001_F/seed27/FD001_F_学习率+0.002_嵌入模型维度embed+8_topk+7_0420_234233_seed27.log
FD001	F	30	14.4993104935	340.1533203125	/CMAPSS-release/logs/FD001_FD001_F/seed30/FD001_F_学习率+0.002_嵌入模型维度embed+8_topk+7_0420_234503_seed30.log
FD001	F	33	14.0271167755	334.3605651855	/CMAPSS-release/logs/FD001_FD001_F/seed33/FD001_F_学习率+0.002_嵌入模型维度embed+8_topk+7_0420_234747_seed33.log
FD001	F	51	13.1681432724	275.9438781738	/CMAPSS-release/logs/FD001_FD001_F/seed51/FD001_F_学习率+0.002_嵌入模型维度embed+8_topk+7_0420_235029_seed51.log
FD001	F	62	13.8397970200	324.2491149902	/CMAPSS-release/logs/FD001_FD001_F/seed62/FD001_F_学习率+0.002_嵌入模型维度embed+8_topk+7_0420_235307_seed62.log
FD001	F	80	14.3589687347	335.3450317383	/CMAPSS-release/logs/FD001_FD001_F/seed80/FD001_F_学习率+0.002_嵌入模型维度embed+8_topk+7_0420_235539_seed80.log
FD001	F	88	13.6308479309	304.2529296875	/CMAPSS-release/logs/FD001_FD001_F/seed88/FD001_F_学习率+0.002_嵌入模型维度embed+8_topk+7_0420_235819_seed88.log
FD001	F	97	14.3467769623	345.9144287109	/CMAPSS-release/logs/FD001_FD001_F/seed97/FD001_F_学习率+0.002_嵌入模型维度embed+8_topk+7_0421_000056_seed97.log
FD002	A	2	13.5278921127	988.7731933594	/CMAPSS-release/logs/FD002_FD002_A/seed2/FD002_A_学习率+0.002_嵌入模型维度embed+8_topk+7_0420_021541_seed2.log
FD002	A	17	14.0012407303	1002.7310791016	/CMAPSS-release/logs/FD002_FD002_A/seed17/FD002_A_学习率+0.002_嵌入模型维度embed+8_topk+7_0420_022247_seed17.log
FD002	A	27	12.9924240112	877.9699707031	/CMAPSS-release/logs/FD002_FD002_A/seed27/FD002_A_学习率+0.002_嵌入模型维度embed+8_topk+7_0420_022942_seed27.log
FD002	A	30	13.7466039658	833.9685058594	/CMAPSS-release/logs/FD002_FD002_A/seed30/FD002_A_学习率+0.002_嵌入模型维度embed+8_topk+7_0420_023830_seed30.log
FD002	A	33	13.2915048599	862.7100830078	/CMAPSS-release/logs/FD002_FD002_A/seed33/FD002_A_学习率+0.002_嵌入模型维度embed+8_topk+7_0420_024758_seed33.log
FD002	A	51	13.2672262192	928.6118164062	/CMAPSS-release/logs/FD002_FD002_A/seed51/FD002_A_学习率+0.002_嵌入模型维度embed+8_topk+7_0420_025706_seed51.log
FD002	A	62	13.4630908966	872.8737182617	/CMAPSS-release/logs/FD002_FD002_A/seed62/FD002_A_学习率+0.002_嵌入模型维度embed+8_topk+7_0420_030400_seed62.log
FD002	A	80	13.1257658005	901.2494506836	/CMAPSS-release/logs/FD002_FD002_A/seed80/FD002_A_学习率+0.002_嵌入模型维度embed+8_topk+7_0420_031102_seed80.log
FD002	A	88	13.3497648239	891.3738403320	/CMAPSS-release/logs/FD002_FD002_A/seed88/FD002_A_学习率+0.002_嵌入模型维度embed+8_topk+7_0420_031815_seed88.log
FD002	A	97	13.3145780563	911.3282470703	/CMAPSS-release/logs/FD002_FD002_A/seed97/FD002_A_学习率+0.002_嵌入模型维度embed+8_topk+7_0420_032523_seed97.log
FD002	B	2	13.1351747513	900.1738281250	/CMAPSS-release/logs/FD002_FD002_B/seed2/FD002_B_学习率+0.002_嵌入模型维度embed+8_topk+7_0420_033241_seed2.log
FD002	B	17	13.9463949203	1248.9506835938	/CMAPSS-release/logs/FD002_FD002_B/seed17/FD002_B_学习率+0.002_嵌入模型维度embed+8_topk+7_0420_033852_seed17.log
FD002	B	27	13.2551441193	960.1671142578	/CMAPSS-release/logs/FD002_FD002_B/seed27/FD002_B_学习率+0.002_嵌入模型维度embed+8_topk+7_0420_034708_seed27.log
FD002	B	30	13.3979778290	1015.3244018555	/CMAPSS-release/logs/FD002_FD002_B/seed30/FD002_B_学习率+0.002_嵌入模型维度embed+8_topk+7_0420_035531_seed30.log
FD002	B	33	12.8344068527	833.0857543945	/CMAPSS-release/logs/FD002_FD002_B/seed33/FD002_B_学习率+0.002_嵌入模型维度embed+8_topk+7_0420_040341_seed33.log
FD002	B	51	12.8775043488	878.0825805664	/CMAPSS-release/logs/FD002_FD002_B/seed51/FD002_B_学习率+0.002_嵌入模型维度embed+8_topk+7_0420_041001_seed51.log
FD002	B	62	12.8540964127	923.2246704102	/CMAPSS-release/logs/FD002_FD002_B/seed62/FD002_B_学习率+0.002_嵌入模型维度embed+8_topk+7_0420_041553_seed62.log
FD002	B	80	13.2026090622	996.6016845703	/CMAPSS-release/logs/FD002_FD002_B/seed80/FD002_B_学习率+0.002_嵌入模型维度embed+8_topk+7_0420_042206_seed80.log
FD002	B	88	13.2455282211	1030.8389892578	/CMAPSS-release/logs/FD002_FD002_B/seed88/FD002_B_学习率+0.002_嵌入模型维度embed+8_topk+7_0420_042812_seed88.log
FD002	B	97	13.8299093246	1054.1190185547	/CMAPSS-release/logs/FD002_FD002_B/seed97/FD002_B_学习率+0.002_嵌入模型维度embed+8_topk+7_0420_043406_seed97.log
FD002	C	2	12.8656558990	822.4701538086	/CMAPSS-release/logs/FD002_FD002_C/seed2/FD002_C_学习率+0.002_嵌入模型维度embed+8_topk+7_0420_044012_seed2.log
FD002	C	17	14.2402172089	1022.2827148438	/CMAPSS-release/logs/FD002_FD002_C/seed17/FD002_C_学习率+0.002_嵌入模型维度embed+8_topk+7_0420_044556_seed17.log
FD002	C	27	13.6599626541	1016.5582275391	/CMAPSS-release/logs/FD002_FD002_C/seed27/FD002_C_学习率+0.002_嵌入模型维度embed+8_topk+7_0420_045346_seed27.log
FD002	C	30	13.4958877563	921.5395507812	/CMAPSS-release/logs/FD002_FD002_C/seed30/FD002_C_学习率+0.002_嵌入模型维度embed+8_topk+7_0420_050028_seed30.log
FD002	C	33	13.4224500656	883.2665405273	/CMAPSS-release/logs/FD002_FD002_C/seed33/FD002_C_学习率+0.002_嵌入模型维度embed+8_topk+7_0420_050726_seed33.log
FD002	C	51	13.8075580597	1065.2938232422	/CMAPSS-release/logs/FD002_FD002_C/seed51/FD002_C_学习率+0.002_嵌入模型维度embed+8_topk+7_0420_051303_seed51.log
FD002	C	62	13.9310216904	1104.9167480469	/CMAPSS-release/logs/FD002_FD002_C/seed62/FD002_C_学习率+0.002_嵌入模型维度embed+8_topk+7_0420_051835_seed62.log
FD002	C	80	14.0307168961	1322.8973388672	/CMAPSS-release/logs/FD002_FD002_C/seed80/FD002_C_学习率+0.002_嵌入模型维度embed+8_topk+7_0420_052410_seed80.log
FD002	C	88	13.8519477844	944.0377197266	/CMAPSS-release/logs/FD002_FD002_C/seed88/FD002_C_学习率+0.002_嵌入模型维度embed+8_topk+7_0420_052958_seed88.log
FD002	C	97	12.4797906876	743.8377075195	/CMAPSS-release/logs/FD002_FD002_C/seed97/FD002_C_学习率+0.002_嵌入模型维度embed+8_topk+7_0420_053455_seed97.log
FD002	D	2	13.4825782776	1002.4168701172	/CMAPSS-release/logs/FD002_FD002_D/seed2/FD002_D_学习率+0.002_嵌入模型维度embed+8_topk+7_0420_054018_seed2.log
FD002	D	17	14.4584341049	1243.1352539062	/CMAPSS-release/logs/FD002_FD002_D/seed17/FD002_D_学习率+0.002_嵌入模型维度embed+8_topk+7_0420_054721_seed17.log
FD002	D	27	13.1076622009	814.3164672852	/CMAPSS-release/logs/FD002_FD002_D/seed27/FD002_D_学习率+0.002_嵌入模型维度embed+8_topk+7_0420_055633_seed27.log
FD002	D	30	13.6400213242	990.9743652344	/CMAPSS-release/logs/FD002_FD002_D/seed30/FD002_D_学习率+0.002_嵌入模型维度embed+8_topk+7_0420_060548_seed30.log
FD002	D	33	14.2109050751	1112.5146484375	/CMAPSS-release/logs/FD002_FD002_D/seed33/FD002_D_学习率+0.002_嵌入模型维度embed+8_topk+7_0420_061416_seed33.log
FD002	D	51	13.1525058746	884.8221435547	/CMAPSS-release/logs/FD002_FD002_D/seed51/FD002_D_学习率+0.002_嵌入模型维度embed+8_topk+7_0420_062204_seed51.log
FD002	D	62	13.6003351212	882.9410400391	/CMAPSS-release/logs/FD002_FD002_D/seed62/FD002_D_学习率+0.002_嵌入模型维度embed+8_topk+7_0420_062905_seed62.log
FD002	D	80	13.6216106415	1121.9904785156	/CMAPSS-release/logs/FD002_FD002_D/seed80/FD002_D_学习率+0.002_嵌入模型维度embed+8_topk+7_0420_063542_seed80.log
FD002	D	88	13.3514995575	986.0916137695	/CMAPSS-release/logs/FD002_FD002_D/seed88/FD002_D_学习率+0.002_嵌入模型维度embed+8_topk+7_0420_064253_seed88.log
FD002	D	97	13.3705720901	923.9442138672	/CMAPSS-release/logs/FD002_FD002_D/seed97/FD002_D_学习率+0.002_嵌入模型维度embed+8_topk+7_0420_064949_seed97.log
FD002	E	2	37.1582260132	53488.2265625000	/CMAPSS-release/logs/FD002_FD002_E/seed2/FD002_E_学习率+0.002_嵌入模型维度embed+8_topk+7_0420_065658_seed2.log
FD002	E	17	36.5060424805	56692.8007812500	/CMAPSS-release/logs/FD002_FD002_E/seed17/FD002_E_学习率+0.002_嵌入模型维度embed+8_topk+7_0420_070111_seed17.log
FD002	E	27	36.0268554688	63341.7968750000	/CMAPSS-release/logs/FD002_FD002_E/seed27/FD002_E_学习率+0.002_嵌入模型维度embed+8_topk+7_0420_070517_seed27.log
FD002	E	30	35.7389183044	56386.2070312500	/CMAPSS-release/logs/FD002_FD002_E/seed30/FD002_E_学习率+0.002_嵌入模型维度embed+8_topk+7_0420_070935_seed30.log
FD002	E	33	35.2243766785	37912.1757812500	/CMAPSS-release/logs/FD002_FD002_E/seed33/FD002_E_学习率+0.002_嵌入模型维度embed+8_topk+7_0420_071329_seed33.log
FD002	E	51	37.4464874268	68738.8828125000	/CMAPSS-release/logs/FD002_FD002_E/seed51/FD002_E_学习率+0.002_嵌入模型维度embed+8_topk+7_0420_071741_seed51.log
FD002	E	62	36.0613479614	54208.1640625000	/CMAPSS-release/logs/FD002_FD002_E/seed62/FD002_E_学习率+0.002_嵌入模型维度embed+8_topk+7_0420_072158_seed62.log
FD002	E	80	34.5265274048	40532.6093750000	/CMAPSS-release/logs/FD002_FD002_E/seed80/FD002_E_学习率+0.002_嵌入模型维度embed+8_topk+7_0420_072607_seed80.log
FD002	E	88	35.4229812622	113886.1250000000	/CMAPSS-release/logs/FD002_FD002_E/seed88/FD002_E_学习率+0.002_嵌入模型维度embed+8_topk+7_0420_073001_seed88.log
FD002	E	97	33.7895507812	49951.6250000000	/CMAPSS-release/logs/FD002_FD002_E/seed97/FD002_E_学习率+0.002_嵌入模型维度embed+8_topk+7_0420_073344_seed97.log
FD002	F	2	13.0050477982	850.3304443359	/CMAPSS-release/logs/FD002_FD002_F/seed2/FD002_F_学习率+0.002_嵌入模型维度embed+8_topk+7_0421_000350_seed2.log
FD002	F	17	13.5425825119	1227.1372070312	/CMAPSS-release/logs/FD002_FD002_F/seed17/FD002_F_学习率+0.002_嵌入模型维度embed+8_topk+7_0421_001037_seed17.log
FD002	F	27	13.2143020630	1004.2732543945	/CMAPSS-release/logs/FD002_FD002_F/seed27/FD002_F_学习率+0.002_嵌入模型维度embed+8_topk+7_0421_001734_seed27.log
FD002	F	30	13.4822921753	1033.5758056641	/CMAPSS-release/logs/FD002_FD002_F/seed30/FD002_F_学习率+0.002_嵌入模型维度embed+8_topk+7_0421_002357_seed30.log
FD002	F	33	12.7092523575	921.5982666016	/CMAPSS-release/logs/FD002_FD002_F/seed33/FD002_F_学习率+0.002_嵌入模型维度embed+8_topk+7_0421_003026_seed33.log
FD002	F	51	13.2478599548	941.6728515625	/CMAPSS-release/logs/FD002_FD002_F/seed51/FD002_F_学习率+0.002_嵌入模型维度embed+8_topk+7_0421_003718_seed51.log
FD002	F	62	13.2697000504	1037.1995849609	/CMAPSS-release/logs/FD002_FD002_F/seed62/FD002_F_学习率+0.002_嵌入模型维度embed+8_topk+7_0421_004358_seed62.log
FD002	F	80	12.9919786453	929.5908203125	/CMAPSS-release/logs/FD002_FD002_F/seed80/FD002_F_学习率+0.002_嵌入模型维度embed+8_topk+7_0421_005056_seed80.log
FD002	F	88	13.3528013229	1005.8837890625	/CMAPSS-release/logs/FD002_FD002_F/seed88/FD002_F_学习率+0.002_嵌入模型维度embed+8_topk+7_0421_005724_seed88.log
FD002	F	97	13.7167987823	932.6957397461	/CMAPSS-release/logs/FD002_FD002_F/seed97/FD002_F_学习率+0.002_嵌入模型维度embed+8_topk+7_0421_010417_seed97.log
FD003	A	2	14.7935800552	826.0886840820	/CMAPSS-release/logs/FD003_FD003_A/seed2/FD003_A_学习率+0.002_嵌入模型维度embed+8_topk+7_0420_073719_seed2.log
FD003	A	17	14.9361972809	1131.6392822266	/CMAPSS-release/logs/FD003_FD003_A/seed17/FD003_A_学习率+0.002_嵌入模型维度embed+8_topk+7_0420_074041_seed17.log
FD003	A	27	14.9428911209	884.3582763672	/CMAPSS-release/logs/FD003_FD003_A/seed27/FD003_A_学习率+0.002_嵌入模型维度embed+8_topk+7_0420_074351_seed27.log
FD003	A	30	15.0176563263	1140.5690917969	/CMAPSS-release/logs/FD003_FD003_A/seed30/FD003_A_学习率+0.002_嵌入模型维度embed+8_topk+7_0420_074653_seed30.log
FD003	A	33	14.5120639801	743.2193603516	/CMAPSS-release/logs/FD003_FD003_A/seed33/FD003_A_学习率+0.002_嵌入模型维度embed+8_topk+7_0420_075022_seed33.log
FD003	A	51	15.2367973328	1218.0383300781	/CMAPSS-release/logs/FD003_FD003_A/seed51/FD003_A_学习率+0.002_嵌入模型维度embed+8_topk+7_0420_075350_seed51.log
FD003	A	62	15.0900630951	1404.9189453125	/CMAPSS-release/logs/FD003_FD003_A/seed62/FD003_A_学习率+0.002_嵌入模型维度embed+8_topk+7_0420_075722_seed62.log
FD003	A	80	15.3404693604	1210.6845703125	/CMAPSS-release/logs/FD003_FD003_A/seed80/FD003_A_学习率+0.002_嵌入模型维度embed+8_topk+7_0420_080119_seed80.log
FD003	A	88	14.3408508301	776.1437988281	/CMAPSS-release/logs/FD003_FD003_A/seed88/FD003_A_学习率+0.002_嵌入模型维度embed+8_topk+7_0420_080449_seed88.log
FD003	A	97	14.2758541107	1003.3450927734	/CMAPSS-release/logs/FD003_FD003_A/seed97/FD003_A_学习率+0.002_嵌入模型维度embed+8_topk+7_0420_080808_seed97.log
FD003	B	2	15.7667369843	1377.4199218750	/CMAPSS-release/logs/FD003_FD003_B/seed2/FD003_B_学习率+0.002_嵌入模型维度embed+8_topk+7_0420_081119_seed2.log
FD003	B	17	15.0910568237	1171.3935546875	/CMAPSS-release/logs/FD003_FD003_B/seed17/FD003_B_学习率+0.002_嵌入模型维度embed+8_topk+7_0420_081432_seed17.log
FD003	B	27	15.1198549271	1028.8046875000	/CMAPSS-release/logs/FD003_FD003_B/seed27/FD003_B_学习率+0.002_嵌入模型维度embed+8_topk+7_0420_081741_seed27.log
FD003	B	30	15.5373744965	1264.1141357422	/CMAPSS-release/logs/FD003_FD003_B/seed30/FD003_B_学习率+0.002_嵌入模型维度embed+8_topk+7_0420_082036_seed30.log
FD003	B	33	14.9769821167	1130.5325927734	/CMAPSS-release/logs/FD003_FD003_B/seed33/FD003_B_学习率+0.002_嵌入模型维度embed+8_topk+7_0420_082338_seed33.log
FD003	B	51	15.2256364822	1417.9370117188	/CMAPSS-release/logs/FD003_FD003_B/seed51/FD003_B_学习率+0.002_嵌入模型维度embed+8_topk+7_0420_082650_seed51.log
FD003	B	62	15.5145092010	1524.9588623047	/CMAPSS-release/logs/FD003_FD003_B/seed62/FD003_B_学习率+0.002_嵌入模型维度embed+8_topk+7_0420_083016_seed62.log
FD003	B	80	15.6099328995	1317.1015625000	/CMAPSS-release/logs/FD003_FD003_B/seed80/FD003_B_学习率+0.002_嵌入模型维度embed+8_topk+7_0420_083323_seed80.log
FD003	B	88	15.7413463593	1192.4221191406	/CMAPSS-release/logs/FD003_FD003_B/seed88/FD003_B_学习率+0.002_嵌入模型维度embed+8_topk+7_0420_083646_seed88.log
FD003	B	97	15.9937486649	1576.8236083984	/CMAPSS-release/logs/FD003_FD003_B/seed97/FD003_B_学习率+0.002_嵌入模型维度embed+8_topk+7_0420_084010_seed97.log
FD003	C	2	17.0079383850	1583.7584228516	/CMAPSS-release/logs/FD003_FD003_C/seed2/FD003_C_学习率+0.002_嵌入模型维度embed+8_topk+7_0420_084314_seed2.log
FD003	C	17	17.0833244324	1537.1633300781	/CMAPSS-release/logs/FD003_FD003_C/seed17/FD003_C_学习率+0.002_嵌入模型维度embed+8_topk+7_0420_084601_seed17.log
FD003	C	27	19.4925632477	1338.8391113281	/CMAPSS-release/logs/FD003_FD003_C/seed27/FD003_C_学习率+0.002_嵌入模型维度embed+8_topk+7_0420_084826_seed27.log
FD003	C	30	16.6291904449	1324.6075439453	/CMAPSS-release/logs/FD003_FD003_C/seed30/FD003_C_学习率+0.002_嵌入模型维度embed+8_topk+7_0420_085105_seed30.log
FD003	C	33	16.5299720764	1390.3991699219	/CMAPSS-release/logs/FD003_FD003_C/seed33/FD003_C_学习率+0.002_嵌入模型维度embed+8_topk+7_0420_085340_seed33.log
FD003	C	51	17.8482494354	1345.8103027344	/CMAPSS-release/logs/FD003_FD003_C/seed51/FD003_C_学习率+0.002_嵌入模型维度embed+8_topk+7_0420_085622_seed51.log
FD003	C	62	16.9964694977	1343.8425292969	/CMAPSS-release/logs/FD003_FD003_C/seed62/FD003_C_学习率+0.002_嵌入模型维度embed+8_topk+7_0420_085916_seed62.log
FD003	C	80	16.7005996704	1368.9270019531	/CMAPSS-release/logs/FD003_FD003_C/seed80/FD003_C_学习率+0.002_嵌入模型维度embed+8_topk+7_0420_090202_seed80.log
FD003	C	88	15.6834306717	1183.6512451172	/CMAPSS-release/logs/FD003_FD003_C/seed88/FD003_C_学习率+0.002_嵌入模型维度embed+8_topk+7_0420_090455_seed88.log
FD003	C	97	16.3581790924	1150.9843750000	/CMAPSS-release/logs/FD003_FD003_C/seed97/FD003_C_学习率+0.002_嵌入模型维度embed+8_topk+7_0420_090743_seed97.log
FD003	D	2	14.4571781158	750.9403076172	/CMAPSS-release/logs/FD003_FD003_D/seed2/FD003_D_学习率+0.002_嵌入模型维度embed+8_topk+7_0420_091028_seed2.log
FD003	D	17	14.9843254089	1188.7595214844	/CMAPSS-release/logs/FD003_FD003_D/seed17/FD003_D_学习率+0.002_嵌入模型维度embed+8_topk+7_0420_091347_seed17.log
FD003	D	27	14.1869659424	832.8651733398	/CMAPSS-release/logs/FD003_FD003_D/seed27/FD003_D_学习率+0.002_嵌入模型维度embed+8_topk+7_0420_091712_seed27.log
FD003	D	30	14.5667428970	1148.3691406250	/CMAPSS-release/logs/FD003_FD003_D/seed30/FD003_D_学习率+0.002_嵌入模型维度embed+8_topk+7_0420_092034_seed30.log
FD003	D	33	14.4678955078	991.4398193359	/CMAPSS-release/logs/FD003_FD003_D/seed33/FD003_D_学习率+0.002_嵌入模型维度embed+8_topk+7_0420_092356_seed33.log
FD003	D	51	14.4246320724	954.0444946289	/CMAPSS-release/logs/FD003_FD003_D/seed51/FD003_D_学习率+0.002_嵌入模型维度embed+8_topk+7_0420_092707_seed51.log
FD003	D	62	14.4350271225	1288.2502441406	/CMAPSS-release/logs/FD003_FD003_D/seed62/FD003_D_学习率+0.002_嵌入模型维度embed+8_topk+7_0420_093044_seed62.log
FD003	D	80	15.6448068619	1041.4645996094	/CMAPSS-release/logs/FD003_FD003_D/seed80/FD003_D_学习率+0.002_嵌入模型维度embed+8_topk+7_0420_093423_seed80.log
FD003	D	88	14.1053180695	860.6857910156	/CMAPSS-release/logs/FD003_FD003_D/seed88/FD003_D_学习率+0.002_嵌入模型维度embed+8_topk+7_0420_093804_seed88.log
FD003	D	97	14.5268716812	837.2869873047	/CMAPSS-release/logs/FD003_FD003_D/seed97/FD003_D_学习率+0.002_嵌入模型维度embed+8_topk+7_0420_094149_seed97.log
FD003	E	2	15.3447065353	1100.8229980469	/CMAPSS-release/logs/FD003_FD003_E/seed2/FD003_E_学习率+0.002_嵌入模型维度embed+8_topk+7_0420_094506_seed2.log
FD003	E	17	15.5967941284	1087.5465087891	/CMAPSS-release/logs/FD003_FD003_E/seed17/FD003_E_学习率+0.002_嵌入模型维度embed+8_topk+7_0420_094718_seed17.log
FD003	E	27	14.9876613617	707.7030029297	/CMAPSS-release/logs/FD003_FD003_E/seed27/FD003_E_学习率+0.002_嵌入模型维度embed+8_topk+7_0420_094921_seed27.log
FD003	E	30	15.3150253296	1082.7888183594	/CMAPSS-release/logs/FD003_FD003_E/seed30/FD003_E_学习率+0.002_嵌入模型维度embed+8_topk+7_0420_095113_seed30.log
FD003	E	33	15.6786479950	1100.2845458984	/CMAPSS-release/logs/FD003_FD003_E/seed33/FD003_E_学习率+0.002_嵌入模型维度embed+8_topk+7_0420_095310_seed33.log
FD003	E	51	16.5069694519	2116.1159667969	/CMAPSS-release/logs/FD003_FD003_E/seed51/FD003_E_学习率+0.002_嵌入模型维度embed+8_topk+7_0420_095448_seed51.log
FD003	E	62	15.2950973511	893.9830932617	/CMAPSS-release/logs/FD003_FD003_E/seed62/FD003_E_学习率+0.002_嵌入模型维度embed+8_topk+7_0420_095634_seed62.log
FD003	E	80	16.1885757446	911.3177490234	/CMAPSS-release/logs/FD003_FD003_E/seed80/FD003_E_学习率+0.002_嵌入模型维度embed+8_topk+7_0420_095832_seed80.log
FD003	E	88	17.0760059357	755.7670898438	/CMAPSS-release/logs/FD003_FD003_E/seed88/FD003_E_学习率+0.002_嵌入模型维度embed+8_topk+7_0420_100053_seed88.log
FD003	E	97	15.2046041489	1062.9350585938	/CMAPSS-release/logs/FD003_FD003_E/seed97/FD003_E_学习率+0.002_嵌入模型维度embed+8_topk+7_0420_100258_seed97.log
FD003	F	2	14.9036903381	1257.1851806641	/CMAPSS-release/logs/FD003_FD003_F/seed2/FD003_F_学习率+0.002_嵌入模型维度embed+8_topk+7_0421_011105_seed2.log
FD003	F	17	14.8087816238	894.5797119141	/CMAPSS-release/logs/FD003_FD003_F/seed17/FD003_F_学习率+0.002_嵌入模型维度embed+8_topk+7_0421_011422_seed17.log
FD003	F	27	15.1634426117	1169.7749023438	/CMAPSS-release/logs/FD003_FD003_F/seed27/FD003_F_学习率+0.002_嵌入模型维度embed+8_topk+7_0421_011725_seed27.log
FD003	F	30	14.2779550552	1143.5904541016	/CMAPSS-release/logs/FD003_FD003_F/seed30/FD003_F_学习率+0.002_嵌入模型维度embed+8_topk+7_0421_012044_seed30.log
FD003	F	33	15.3596878052	1108.2141113281	/CMAPSS-release/logs/FD003_FD003_F/seed33/FD003_F_学习率+0.002_嵌入模型维度embed+8_topk+7_0421_012357_seed33.log
FD003	F	51	16.3193130493	1332.3706054688	/CMAPSS-release/logs/FD003_FD003_F/seed51/FD003_F_学习率+0.002_嵌入模型维度embed+8_topk+7_0421_012715_seed51.log
FD003	F	62	16.1359844208	1194.1068115234	/CMAPSS-release/logs/FD003_FD003_F/seed62/FD003_F_学习率+0.002_嵌入模型维度embed+8_topk+7_0421_013026_seed62.log
FD003	F	80	15.6092920303	1376.8161621094	/CMAPSS-release/logs/FD003_FD003_F/seed80/FD003_F_学习率+0.002_嵌入模型维度embed+8_topk+7_0421_013339_seed80.log
FD003	F	88	14.8969793320	1118.1186523438	/CMAPSS-release/logs/FD003_FD003_F/seed88/FD003_F_学习率+0.002_嵌入模型维度embed+8_topk+7_0421_013641_seed88.log
FD003	F	97	15.3447065353	1603.9750976562	/CMAPSS-release/logs/FD003_FD003_F/seed97/FD003_F_学习率+0.002_嵌入模型维度embed+8_topk+7_0421_013946_seed97.log
FD004	A	2	18.6941642761	2772.4448242188	/CMAPSS-release/logs/FD004_FD004_A/seed2/FD004_A_学习率+0.002_嵌入模型维度embed+8_topk+7_0420_100515_seed2.log
FD004	A	17	18.5569076538	2341.6660156250	/CMAPSS-release/logs/FD004_FD004_A/seed17/FD004_A_学习率+0.002_嵌入模型维度embed+8_topk+7_0420_101253_seed17.log
FD004	A	27	18.4008903503	1970.2158203125	/CMAPSS-release/logs/FD004_FD004_A/seed27/FD004_A_学习率+0.002_嵌入模型维度embed+8_topk+7_0420_102010_seed27.log
FD004	A	30	17.8427276611	1934.5498046875	/CMAPSS-release/logs/FD004_FD004_A/seed30/FD004_A_学习率+0.002_嵌入模型维度embed+8_topk+7_0420_102808_seed30.log
FD004	A	33	17.0274925232	1674.3322753906	/CMAPSS-release/logs/FD004_FD004_A/seed33/FD004_A_学习率+0.002_嵌入模型维度embed+8_topk+7_0420_103613_seed33.log
FD004	A	51	17.5528011322	2133.1611328125	/CMAPSS-release/logs/FD004_FD004_A/seed51/FD004_A_学习率+0.002_嵌入模型维度embed+8_topk+7_0420_104231_seed51.log
FD004	A	62	18.8613357544	1925.7734375000	/CMAPSS-release/logs/FD004_FD004_A/seed62/FD004_A_学习率+0.002_嵌入模型维度embed+8_topk+7_0420_104958_seed62.log
FD004	A	80	18.8406944275	3953.3457031250	/CMAPSS-release/logs/FD004_FD004_A/seed80/FD004_A_学习率+0.002_嵌入模型维度embed+8_topk+7_0420_105452_seed80.log
FD004	A	88	18.5464763641	2457.8105468750	/CMAPSS-release/logs/FD004_FD004_A/seed88/FD004_A_学习率+0.002_嵌入模型维度embed+8_topk+7_0420_110230_seed88.log
FD004	A	97	17.2581214905	1846.3100585938	/CMAPSS-release/logs/FD004_FD004_A/seed97/FD004_A_学习率+0.002_嵌入模型维度embed+8_topk+7_0420_110907_seed97.log
FD004	B	2	16.7623329163	1674.7324218750	/CMAPSS-release/logs/FD004_FD004_B/seed2/FD004_B_学习率+0.002_嵌入模型维度embed+8_topk+7_0420_111400_seed2.log
FD004	B	17	17.9992160797	2270.6992187500	/CMAPSS-release/logs/FD004_FD004_B/seed17/FD004_B_学习率+0.002_嵌入模型维度embed+8_topk+7_0420_112138_seed17.log
FD004	B	27	17.3589935303	1516.4006347656	/CMAPSS-release/logs/FD004_FD004_B/seed27/FD004_B_学习率+0.002_嵌入模型维度embed+8_topk+7_0420_112747_seed27.log
FD004	B	30	17.2352085114	1748.2619628906	/CMAPSS-release/logs/FD004_FD004_B/seed30/FD004_B_学习率+0.002_嵌入模型维度embed+8_topk+7_0420_113225_seed30.log
FD004	B	33	17.4288883209	2029.2061767578	/CMAPSS-release/logs/FD004_FD004_B/seed33/FD004_B_学习率+0.002_嵌入模型维度embed+8_topk+7_0420_113656_seed33.log
FD004	B	51	17.9567127228	1928.9440917969	/CMAPSS-release/logs/FD004_FD004_B/seed51/FD004_B_学习率+0.002_嵌入模型维度embed+8_topk+7_0420_114127_seed51.log
FD004	B	62	17.2979106903	2602.8308105469	/CMAPSS-release/logs/FD004_FD004_B/seed62/FD004_B_学习率+0.002_嵌入模型维度embed+8_topk+7_0420_114559_seed62.log
FD004	B	80	17.4166221619	1827.0069580078	/CMAPSS-release/logs/FD004_FD004_B/seed80/FD004_B_学习率+0.002_嵌入模型维度embed+8_topk+7_0420_115225_seed80.log
FD004	B	88	17.5725460052	2229.2116699219	/CMAPSS-release/logs/FD004_FD004_B/seed88/FD004_B_学习率+0.002_嵌入模型维度embed+8_topk+7_0420_115848_seed88.log
FD004	B	97	17.2316989899	1592.2451171875	/CMAPSS-release/logs/FD004_FD004_B/seed97/FD004_B_学习率+0.002_嵌入模型维度embed+8_topk+7_0420_120619_seed97.log
FD004	C	2	18.3076305389	3232.7563476562	/CMAPSS-release/logs/FD004_FD004_C/seed2/FD004_C_学习率+0.002_嵌入模型维度embed+8_topk+7_0420_121225_seed2.log
FD004	C	17	18.9874744415	3044.8610839844	/CMAPSS-release/logs/FD004_FD004_C/seed17/FD004_C_学习率+0.002_嵌入模型维度embed+8_topk+7_0420_121750_seed17.log
FD004	C	27	18.0365886688	1683.5690917969	/CMAPSS-release/logs/FD004_FD004_C/seed27/FD004_C_学习率+0.002_嵌入模型维度embed+8_topk+7_0420_122349_seed27.log
FD004	C	30	18.6597290039	2801.4851074219	/CMAPSS-release/logs/FD004_FD004_C/seed30/FD004_C_学习率+0.002_嵌入模型维度embed+8_topk+7_0420_123005_seed30.log
FD004	C	33	18.3824729919	2452.2968750000	/CMAPSS-release/logs/FD004_FD004_C/seed33/FD004_C_学习率+0.002_嵌入模型维度embed+8_topk+7_0420_123610_seed33.log
FD004	C	51	21.8892002106	4144.4887695312	/CMAPSS-release/logs/FD004_FD004_C/seed51/FD004_C_学习率+0.002_嵌入模型维度embed+8_topk+7_0420_124217_seed51.log
FD004	C	62	17.3940334320	1761.9399414062	/CMAPSS-release/logs/FD004_FD004_C/seed62/FD004_C_学习率+0.002_嵌入模型维度embed+8_topk+7_0420_124825_seed62.log
FD004	C	80	18.2862548828	2137.8857421875	/CMAPSS-release/logs/FD004_FD004_C/seed80/FD004_C_学习率+0.002_嵌入模型维度embed+8_topk+7_0420_125441_seed80.log
FD004	C	88	18.0816917419	1892.6030273438	/CMAPSS-release/logs/FD004_FD004_C/seed88/FD004_C_学习率+0.002_嵌入模型维度embed+8_topk+7_0420_130041_seed88.log
FD004	C	97	19.0704345703	2832.1435546875	/CMAPSS-release/logs/FD004_FD004_C/seed97/FD004_C_学习率+0.002_嵌入模型维度embed+8_topk+7_0420_130636_seed97.log
FD004	D	2	18.2195396423	2252.0700683594	/CMAPSS-release/logs/FD004_FD004_D/seed2/FD004_D_学习率+0.002_嵌入模型维度embed+8_topk+7_0420_131252_seed2.log
FD004	D	17	17.6531314850	2173.3852539062	/CMAPSS-release/logs/FD004_FD004_D/seed17/FD004_D_学习率+0.002_嵌入模型维度embed+8_topk+7_0420_132028_seed17.log
FD004	D	27	18.5438671112	2071.1782226562	/CMAPSS-release/logs/FD004_FD004_D/seed27/FD004_D_学习率+0.002_嵌入模型维度embed+8_topk+7_0420_132555_seed27.log
FD004	D	30	17.5920391083	1719.0433349609	/CMAPSS-release/logs/FD004_FD004_D/seed30/FD004_D_学习率+0.002_嵌入模型维度embed+8_topk+7_0420_133122_seed30.log
FD004	D	33	17.4155807495	1717.2115478516	/CMAPSS-release/logs/FD004_FD004_D/seed33/FD004_D_学习率+0.002_嵌入模型维度embed+8_topk+7_0420_133646_seed33.log
FD004	D	51	18.1174488068	2184.1818847656	/CMAPSS-release/logs/FD004_FD004_D/seed51/FD004_D_学习率+0.002_嵌入模型维度embed+8_topk+7_0420_134202_seed51.log
FD004	D	62	18.0156745911	2125.8691406250	/CMAPSS-release/logs/FD004_FD004_D/seed62/FD004_D_学习率+0.002_嵌入模型维度embed+8_topk+7_0420_134722_seed62.log
FD004	D	80	17.8266735077	2064.9248046875	/CMAPSS-release/logs/FD004_FD004_D/seed80/FD004_D_学习率+0.002_嵌入模型维度embed+8_topk+7_0420_135249_seed80.log
FD004	D	88	17.7176551819	1760.6416015625	/CMAPSS-release/logs/FD004_FD004_D/seed88/FD004_D_学习率+0.002_嵌入模型维度embed+8_topk+7_0420_135808_seed88.log
FD004	D	97	18.5154685974	2354.1855468750	/CMAPSS-release/logs/FD004_FD004_D/seed97/FD004_D_学习率+0.002_嵌入模型维度embed+8_topk+7_0420_140335_seed97.log
FD004	E	2	39.0936126709	79862.2812500000	/CMAPSS-release/logs/FD004_FD004_E/seed2/FD004_E_学习率+0.002_嵌入模型维度embed+8_topk+7_0420_140855_seed2.log
FD004	E	17	40.4334869385	140850.1250000000	/CMAPSS-release/logs/FD004_FD004_E/seed17/FD004_E_学习率+0.002_嵌入模型维度embed+8_topk+7_0420_141220_seed17.log
FD004	E	27	40.5077667236	112447.2187500000	/CMAPSS-release/logs/FD004_FD004_E/seed27/FD004_E_学习率+0.002_嵌入模型维度embed+8_topk+7_0420_141537_seed27.log
FD004	E	30	40.9417877197	135140.6093750000	/CMAPSS-release/logs/FD004_FD004_E/seed30/FD004_E_学习率+0.002_嵌入模型维度embed+8_topk+7_0420_141854_seed30.log
FD004	E	33	38.9425735474	87031.8750000000	/CMAPSS-release/logs/FD004_FD004_E/seed33/FD004_E_学习率+0.002_嵌入模型维度embed+8_topk+7_0420_142244_seed33.log
FD004	E	51	39.1009864807	115463.3437500000	/CMAPSS-release/logs/FD004_FD004_E/seed51/FD004_E_学习率+0.002_嵌入模型维度embed+8_topk+7_0420_142648_seed51.log
FD004	E	62	40.7049255371	118843.4218750000	/CMAPSS-release/logs/FD004_FD004_E/seed62/FD004_E_学习率+0.002_嵌入模型维度embed+8_topk+7_0420_143014_seed62.log
FD004	E	80	38.8135528564	87312.9296875000	/CMAPSS-release/logs/FD004_FD004_E/seed80/FD004_E_学习率+0.002_嵌入模型维度embed+8_topk+7_0420_143337_seed80.log
FD004	E	88	41.6242332458	97621.7734375000	/CMAPSS-release/logs/FD004_FD004_E/seed88/FD004_E_学习率+0.002_嵌入模型维度embed+8_topk+7_0420_143731_seed88.log
FD004	E	97	39.5418319702	108374.9843750000	/CMAPSS-release/logs/FD004_FD004_E/seed97/FD004_E_学习率+0.002_嵌入模型维度embed+8_topk+7_0420_144136_seed97.log
FD004	F	2	17.0244140625	1844.4879150391	/CMAPSS-release/logs/FD004_FD004_F/seed2/FD004_F_学习率+0.002_嵌入模型维度embed+8_topk+7_0421_014253_seed2.log
FD004	F	17	17.8554897308	2016.3428955078	/CMAPSS-release/logs/FD004_FD004_F/seed17/FD004_F_学习率+0.002_嵌入模型维度embed+8_topk+7_0421_015049_seed17.log
FD004	F	27	16.9039039612	1624.5490722656	/CMAPSS-release/logs/FD004_FD004_F/seed27/FD004_F_学习率+0.002_嵌入模型维度embed+8_topk+7_0421_015856_seed27.log
FD004	F	30	17.2548484802	2008.3038330078	/CMAPSS-release/logs/FD004_FD004_F/seed30/FD004_F_学习率+0.002_嵌入模型维度embed+8_topk+7_0421_020645_seed30.log
FD004	F	33	16.8593578339	1617.2419433594	/CMAPSS-release/logs/FD004_FD004_F/seed33/FD004_F_学习率+0.002_嵌入模型维度embed+8_topk+7_0421_021453_seed33.log
FD004	F	51	17.2561359406	1709.8641357422	/CMAPSS-release/logs/FD004_FD004_F/seed51/FD004_F_学习率+0.002_嵌入模型维度embed+8_topk+7_0421_022256_seed51.log
FD004	F	62	17.2245597839	2222.2473144531	/CMAPSS-release/logs/FD004_FD004_F/seed62/FD004_F_学习率+0.002_嵌入模型维度embed+8_topk+7_0421_023057_seed62.log
FD004	F	80	17.2160148621	1841.7893066406	/CMAPSS-release/logs/FD004_FD004_F/seed80/FD004_F_学习率+0.002_嵌入模型维度embed+8_topk+7_0421_023825_seed80.log
FD004	F	88	17.4016819000	2055.6635742188	/CMAPSS-release/logs/FD004_FD004_F/seed88/FD004_F_学习率+0.002_嵌入模型维度embed+8_topk+7_0421_024619_seed88.log
FD004	F	97	17.0791568756	1400.6003417969	/CMAPSS-release/logs/FD004_FD004_F/seed97/FD004_F_学习率+0.002_嵌入模型维度embed+8_topk+7_0421_025417_seed97.log
